,timestamp,open,high,low,close,volume
0,2022-08-28 20:02:00,0.2397,0.2397,0.2397,0.2397,0
1,2022-08-28 20:01:00,0.2397,0.2397,0.2397,0.2397,186
2,2022-08-28 20:00:00,0.2397,0.2397,0.2397,0.2397,327
3,2022-08-28 19:59:00,0.2395,0.2395,0.2395,0.2395,0
4,2022-08-28 19:58:00,0.2397,0.2397,0.2394,0.2395,4211
5,2022-08-28 19:57:00,0.2398,0.2398,0.2398,0.2398,125
6,2022-08-28 19:56:00,0.2399,0.2399,0.2399,0.2399,3013
7,2022-08-28 19:55:00,0.2399,0.2399,0.2399,0.2399,688
8,2022-08-28 19:54:00,0.2398,0.2398,0.2398,0.2398,0
9,2022-08-28 19:53:00,0.2397,0.2399,0.2397,0.2398,5084
10,2022-08-28 19:52:00,0.2395,0.2395,0.2395,0.2395,0
11,2022-08-28 19:51:00,0.2395,0.2395,0.2395,0.2395,0
12,2022-08-28 19:50:00,0.2395,0.2395,0.2395,0.2395,0
13,2022-08-28 19:49:00,0.2396,0.2396,0.2395,0.2395,65
14,2022-08-28 19:48:00,0.2394,0.2394,0.2394,0.2394,0
15,2022-08-28 19:47:00,0.2394,0.2394,0.2394,0.2394,0
16,2022-08-28 19:46:00,0.2394,0.2394,0.2394,0.2394,0
17,2022-08-28 19:45:00,0.2394,0.2394,0.2394,0.2394,0
18,2022-08-28 19:44:00,0.2394,0.2394,0.2394,0.2394,0
19,2022-08-28 19:43:00,0.2394,0.2394,0.2394,0.2394,96
20,2022-08-28 19:42:00,0.2395,0.2395,0.2395,0.2395,0
21,2022-08-28 19:41:00,0.2395,0.2395,0.2395,0.2395,122
22,2022-08-28 19:40:00,0.2393,0.2393,0.2393,0.2393,0
23,2022-08-28 19:39:00,0.2393,0.2393,0.2393,0.2393,0
24,2022-08-28 19:38:00,0.2393,0.2393,0.2393,0.2393,639
25,2022-08-28 19:37:00,0.2396,0.2396,0.2396,0.2396,0
26,2022-08-28 19:36:00,0.2394,0.2396,0.2391,0.2396,10785
27,2022-08-28 19:35:00,0.2395,0.2395,0.2395,0.2395,0
28,2022-08-28 19:34:00,0.2395,0.2395,0.2395,0.2395,0
29,2022-08-28 19:33:00,0.2395,0.2395,0.2395,0.2395,0
30,2022-08-28 19:32:00,0.2395,0.2395,0.2395,0.2395,229
31,2022-08-28 19:31:00,0.2398,0.2398,0.2398,0.2398,0
32,2022-08-28 19:30:00,0.2398,0.2398,0.2398,0.2398,50
33,2022-08-28 19:29:00,0.2398,0.2398,0.2398,0.2398,0
34,2022-08-28 19:28:00,0.2398,0.2398,0.2398,0.2398,0
35,2022-08-28 19:27:00,0.2398,0.2398,0.2398,0.2398,0
36,2022-08-28 19:26:00,0.2398,0.2398,0.2398,0.2398,0
37,2022-08-28 19:25:00,0.2398,0.2398,0.2398,0.2398,0
38,2022-08-28 19:24:00,0.2398,0.2398,0.2398,0.2398,0
39,2022-08-28 19:23:00,0.2398,0.2398,0.2398,0.2398,1100
40,2022-08-28 19:22:00,0.2398,0.2398,0.2398,0.2398,272
41,2022-08-28 19:21:00,0.2399,0.2399,0.2399,0.2399,0
42,2022-08-28 19:20:00,0.2399,0.2399,0.2399,0.2399,134
43,2022-08-28 19:19:00,0.2398,0.2398,0.2398,0.2398,0
44,2022-08-28 19:18:00,0.2398,0.2398,0.2398,0.2398,0
45,2022-08-28 19:17:00,0.2398,0.2398,0.2398,0.2398,0
46,2022-08-28 19:16:00,0.2398,0.2398,0.2398,0.2398,101
47,2022-08-28 19:15:00,0.2397,0.2397,0.2397,0.2397,0
48,2022-08-28 19:14:00,0.2396,0.2397,0.2396,0.2397,2276
49,2022-08-28 19:13:00,0.2394,0.2394,0.2394,0.2394,0
50,2022-08-28 19:12:00,0.2394,0.2394,0.2394,0.2394,0
51,2022-08-28 19:11:00,0.2394,0.2394,0.2394,0.2394,0
52,2022-08-28 19:10:00,0.2394,0.2394,0.2394,0.2394,0
53,2022-08-28 19:09:00,0.2394,0.2394,0.2394,0.2394,0
54,2022-08-28 19:08:00,0.2394,0.2394,0.2394,0.2394,0
55,2022-08-28 19:07:00,0.2394,0.2394,0.2394,0.2394,0
56,2022-08-28 19:06:00,0.2394,0.2394,0.2394,0.2394,0
57,2022-08-28 19:05:00,0.2394,0.2394,0.2394,0.2394,0
58,2022-08-28 19:04:00,0.2394,0.2394,0.2394,0.2394,0
59,2022-08-28 19:03:00,0.2394,0.2394,0.2394,0.2394,632
60,2022-08-28 19:02:00,0.2394,0.2395,0.2394,0.2395,4575
61,2022-08-28 19:01:00,0.2398,0.2399,0.2395,0.2395,5130
62,2022-08-28 19:00:00,0.2397,0.2397,0.2397,0.2397,0
63,2022-08-28 18:59:00,0.2397,0.2397,0.2397,0.2397,0
64,2022-08-28 18:58:00,0.2397,0.2397,0.2397,0.2397,0
65,2022-08-28 18:57:00,0.2397,0.2397,0.2397,0.2397,0
66,2022-08-28 18:56:00,0.2397,0.2397,0.2397,0.2397,0
67,2022-08-28 18:55:00,0.2397,0.2397,0.2397,0.2397,62
68,2022-08-28 18:54:00,0.2399,0.2399,0.2399,0.2399,44
69,2022-08-28 18:53:00,0.2397,0.2397,0.2397,0.2397,75
70,2022-08-28 18:52:00,0.2398,0.2398,0.2398,0.2398,0
71,2022-08-28 18:51:00,0.2398,0.2398,0.2398,0.2398,0
72,2022-08-28 18:50:00,0.2398,0.2398,0.2398,0.2398,0
73,2022-08-28 18:49:00,0.2398,0.2398,0.2398,0.2398,0
74,2022-08-28 18:48:00,0.2398,0.2398,0.2398,0.2398,146
75,2022-08-28 18:47:00,0.2397,0.2397,0.2397,0.2397,1416
76,2022-08-28 18:46:00,0.2397,0.2397,0.2397,0.2397,0
77,2022-08-28 18:45:00,0.2397,0.2397,0.2397,0.2397,0
78,2022-08-28 18:44:00,0.2396,0.2397,0.2396,0.2397,1990
79,2022-08-28 18:43:00,0.2399,0.2399,0.2397,0.2397,6816
80,2022-08-28 18:42:00,0.2399,0.2399,0.2399,0.2399,472
81,2022-08-28 18:41:00,0.24,0.24,0.24,0.24,534
82,2022-08-28 18:40:00,0.2401,0.2401,0.24,0.24,1533
83,2022-08-28 18:39:00,0.2404,0.2404,0.2404,0.2404,0
84,2022-08-28 18:38:00,0.2404,0.2404,0.2404,0.2404,0
85,2022-08-28 18:37:00,0.2404,0.2404,0.2404,0.2404,374
86,2022-08-28 18:36:00,0.2399,0.2399,0.2399,0.2399,0
87,2022-08-28 18:35:00,0.24,0.24,0.2399,0.2399,2231
88,2022-08-28 18:34:00,0.2407,0.2407,0.2407,0.2407,0
89,2022-08-28 18:33:00,0.2407,0.2407,0.2407,0.2407,0
90,2022-08-28 18:32:00,0.2403,0.2407,0.2403,0.2407,2233
91,2022-08-28 18:31:00,0.2403,0.2403,0.2403,0.2403,0
92,2022-08-28 18:30:00,0.2403,0.2403,0.2403,0.2403,90
93,2022-08-28 18:29:00,0.2403,0.2403,0.2403,0.2403,237
94,2022-08-28 18:28:00,0.2401,0.2401,0.2401,0.2401,0
95,2022-08-28 18:27:00,0.2401,0.2401,0.2401,0.2401,0
96,2022-08-28 18:26:00,0.2401,0.2401,0.2401,0.2401,0
97,2022-08-28 18:25:00,0.2402,0.2402,0.2401,0.2401,405
98,2022-08-28 18:24:00,0.2399,0.2399,0.2399,0.2399,0
99,2022-08-28 18:23:00,0.2399,0.2399,0.2399,0.2399,147
100,2022-08-28 18:22:00,0.2399,0.2399,0.2399,0.2399,0
101,2022-08-28 18:21:00,0.2399,0.2399,0.2399,0.2399,0
102,2022-08-28 18:20:00,0.2401,0.2401,0.2399,0.2399,3208
103,2022-08-28 18:19:00,0.2403,0.2403,0.2403,0.2403,0
104,2022-08-28 18:18:00,0.2403,0.2403,0.2403,0.2403,0
105,2022-08-28 18:17:00,0.2403,0.2403,0.2403,0.2403,0
106,2022-08-28 18:16:00,0.2403,0.2403,0.2403,0.2403,1117
107,2022-08-28 18:15:00,0.2406,0.2406,0.2406,0.2406,156
108,2022-08-28 18:14:00,0.2403,0.2406,0.2403,0.2406,3451
109,2022-08-28 18:13:00,0.2403,0.2403,0.2403,0.2403,0
110,2022-08-28 18:12:00,0.2403,0.2403,0.2403,0.2403,57
111,2022-08-28 18:11:00,0.2403,0.2403,0.2401,0.2401,1590
112,2022-08-28 18:10:00,0.2401,0.2402,0.2401,0.2402,1670
113,2022-08-28 18:09:00,0.2402,0.2402,0.2402,0.2402,58
114,2022-08-28 18:08:00,0.2399,0.2401,0.2399,0.2401,5799
115,2022-08-28 18:07:00,0.24,0.24,0.24,0.24,0
116,2022-08-28 18:06:00,0.24,0.24,0.24,0.24,0
117,2022-08-28 18:05:00,0.24,0.24,0.24,0.24,2293
118,2022-08-28 18:04:00,0.2399,0.2399,0.2399,0.2399,0
119,2022-08-28 18:03:00,0.2399,0.2399,0.2399,0.2399,0
120,2022-08-28 18:02:00,0.2399,0.2399,0.2399,0.2399,77
121,2022-08-28 18:01:00,0.2399,0.2399,0.2399,0.2399,77
122,2022-08-28 18:00:00,0.2399,0.2399,0.2399,0.2399,1100
123,2022-08-28 17:59:00,0.2399,0.2399,0.2399,0.2399,0
124,2022-08-28 17:58:00,0.2399,0.2399,0.2399,0.2399,1100
125,2022-08-28 17:57:00,0.2399,0.2399,0.2399,0.2399,0
126,2022-08-28 17:56:00,0.2399,0.2399,0.2399,0.2399,1010
127,2022-08-28 17:55:00,0.2399,0.2399,0.2399,0.2399,86
128,2022-08-28 17:54:00,0.2399,0.2399,0.2399,0.2399,0
129,2022-08-28 17:53:00,0.2399,0.2399,0.2399,0.2399,0
130,2022-08-28 17:52:00,0.2399,0.2399,0.2399,0.2399,1230
131,2022-08-28 17:51:00,0.2395,0.2395,0.2395,0.2395,0
132,2022-08-28 17:50:00,0.2395,0.2395,0.2395,0.2395,0
133,2022-08-28 17:49:00,0.2395,0.2395,0.2395,0.2395,0
134,2022-08-28 17:48:00,0.2395,0.2395,0.2395,0.2395,0
135,2022-08-28 17:47:00,0.2395,0.2395,0.2395,0.2395,53
136,2022-08-28 17:46:00,0.2398,0.2398,0.2394,0.2394,2134
137,2022-08-28 17:45:00,0.2398,0.2398,0.2398,0.2398,3040
138,2022-08-28 17:44:00,0.2396,0.2396,0.2396,0.2396,49
139,2022-08-28 17:43:00,0.2398,0.2398,0.2398,0.2398,46
140,2022-08-28 17:42:00,0.2396,0.2398,0.2396,0.2398,4777
141,2022-08-28 17:41:00,0.2396,0.2396,0.2396,0.2396,1859
142,2022-08-28 17:40:00,0.2393,0.2395,0.2393,0.2395,5300
143,2022-08-28 17:39:00,0.2391,0.2394,0.2391,0.2394,3192
144,2022-08-28 17:38:00,0.239,0.239,0.239,0.239,660
145,2022-08-28 17:37:00,0.2392,0.2395,0.2392,0.2392,9043
146,2022-08-28 17:36:00,0.2391,0.2391,0.2391,0.2391,0
147,2022-08-28 17:35:00,0.2391,0.2391,0.2391,0.2391,66
148,2022-08-28 17:34:00,0.2391,0.2391,0.2391,0.2391,0
149,2022-08-28 17:33:00,0.2391,0.2391,0.2391,0.2391,122
150,2022-08-28 17:32:00,0.239,0.239,0.2389,0.2389,2114
151,2022-08-28 17:31:00,0.2389,0.2389,0.2389,0.2389,0
152,2022-08-28 17:30:00,0.2389,0.2389,0.2389,0.2389,0
153,2022-08-28 17:29:00,0.2389,0.2389,0.2389,0.2389,0
154,2022-08-28 17:28:00,0.2389,0.2389,0.2389,0.2389,0
155,2022-08-28 17:27:00,0.239,0.239,0.2389,0.2389,1372
156,2022-08-28 17:26:00,0.2391,0.2391,0.2391,0.2391,0
157,2022-08-28 17:25:00,0.2391,0.2391,0.2391,0.2391,0
158,2022-08-28 17:24:00,0.2391,0.2391,0.2391,0.2391,0
159,2022-08-28 17:23:00,0.2391,0.2391,0.2391,0.2391,0
160,2022-08-28 17:22:00,0.2391,0.2391,0.2391,0.2391,0
161,2022-08-28 17:21:00,0.2391,0.2391,0.2391,0.2391,0
162,2022-08-28 17:20:00,0.2391,0.2391,0.2391,0.2391,0
163,2022-08-28 17:19:00,0.2391,0.2391,0.2391,0.2391,0
164,2022-08-28 17:18:00,0.2391,0.2391,0.2391,0.2391,334
165,2022-08-28 17:17:00,0.2389,0.239,0.2389,0.239,918
166,2022-08-28 17:16:00,0.2388,0.2388,0.2387,0.2387,1798
167,2022-08-28 17:15:00,0.2388,0.2389,0.2388,0.2389,2680
168,2022-08-28 17:14:00,0.2387,0.2387,0.2387,0.2387,0
169,2022-08-28 17:13:00,0.2387,0.2387,0.2387,0.2387,0
170,2022-08-28 17:12:00,0.2387,0.2387,0.2387,0.2387,0
171,2022-08-28 17:11:00,0.2387,0.2387,0.2387,0.2387,0
172,2022-08-28 17:10:00,0.2387,0.2387,0.2387,0.2387,0
173,2022-08-28 17:09:00,0.2387,0.2387,0.2387,0.2387,215
174,2022-08-28 17:08:00,0.2388,0.2388,0.2388,0.2388,0
175,2022-08-28 17:07:00,0.2388,0.2388,0.2388,0.2388,749
176,2022-08-28 17:06:00,0.2389,0.2389,0.2389,0.2389,0
177,2022-08-28 17:05:00,0.2389,0.2389,0.2389,0.2389,660
178,2022-08-28 17:04:00,0.239,0.239,0.2389,0.2389,489
179,2022-08-28 17:03:00,0.2391,0.2391,0.2391,0.2391,0
180,2022-08-28 17:02:00,0.2391,0.2391,0.2391,0.2391,0
181,2022-08-28 17:01:00,0.2391,0.2391,0.2391,0.2391,0
182,2022-08-28 17:00:00,0.2391,0.2391,0.2391,0.2391,294
183,2022-08-28 16:59:00,0.2391,0.2391,0.2391,0.2391,90
184,2022-08-28 16:58:00,0.2394,0.2394,0.2389,0.2391,4777
185,2022-08-28 16:57:00,0.2394,0.2394,0.2394,0.2394,0
186,2022-08-28 16:56:00,0.2394,0.2394,0.2394,0.2394,0
187,2022-08-28 16:55:00,0.2394,0.2394,0.2394,0.2394,0
188,2022-08-28 16:54:00,0.2394,0.2394,0.2394,0.2394,397
189,2022-08-28 16:53:00,0.2394,0.2394,0.2394,0.2394,339
190,2022-08-28 16:52:00,0.2392,0.2392,0.2392,0.2392,0
191,2022-08-28 16:51:00,0.2392,0.2392,0.2392,0.2392,0
192,2022-08-28 16:50:00,0.2392,0.2392,0.2392,0.2392,0
193,2022-08-28 16:49:00,0.2392,0.2392,0.2392,0.2392,0
194,2022-08-28 16:48:00,0.2392,0.2392,0.2392,0.2392,0
195,2022-08-28 16:47:00,0.2393,0.2393,0.2392,0.2392,2106
196,2022-08-28 16:46:00,0.2397,0.2397,0.2397,0.2397,44
197,2022-08-28 16:45:00,0.2399,0.2399,0.2399,0.2399,2107
198,2022-08-28 16:44:00,0.24,0.24,0.24,0.24,1591
199,2022-08-28 16:43:00,0.24,0.24,0.24,0.24,0
200,2022-08-28 16:42:00,0.24,0.24,0.24,0.24,650
201,2022-08-28 16:41:00,0.24,0.24,0.24,0.24,0
202,2022-08-28 16:40:00,0.24,0.24,0.24,0.24,62
203,2022-08-28 16:39:00,0.2399,0.2399,0.2399,0.2399,529
204,2022-08-28 16:38:00,0.2394,0.2394,0.2394,0.2394,0
205,2022-08-28 16:37:00,0.2394,0.2394,0.2394,0.2394,1758
206,2022-08-28 16:36:00,0.2394,0.2394,0.2394,0.2394,0
207,2022-08-28 16:35:00,0.2394,0.2394,0.2394,0.2394,0
208,2022-08-28 16:34:00,0.2394,0.2394,0.2394,0.2394,5108
209,2022-08-28 16:33:00,0.2398,0.2398,0.2397,0.2397,1092
210,2022-08-28 16:32:00,0.2398,0.2398,0.2398,0.2398,0
211,2022-08-28 16:31:00,0.2398,0.2398,0.2398,0.2398,0
212,2022-08-28 16:30:00,0.2398,0.2398,0.2398,0.2398,0
213,2022-08-28 16:29:00,0.2398,0.2398,0.2398,0.2398,0
214,2022-08-28 16:28:00,0.2398,0.2398,0.2398,0.2398,0
215,2022-08-28 16:27:00,0.2398,0.2398,0.2398,0.2398,2269
216,2022-08-28 16:26:00,0.2402,0.2402,0.2402,0.2402,4479
217,2022-08-28 16:25:00,0.2398,0.2398,0.2398,0.2398,0
218,2022-08-28 16:24:00,0.2398,0.2398,0.2398,0.2398,1668
219,2022-08-28 16:23:00,0.2395,0.2395,0.2395,0.2395,0
220,2022-08-28 16:22:00,0.2395,0.2395,0.2395,0.2395,1354
221,2022-08-28 16:21:00,0.2395,0.2395,0.2395,0.2395,0
222,2022-08-28 16:20:00,0.2395,0.2395,0.2395,0.2395,0
223,2022-08-28 16:19:00,0.2395,0.2395,0.2395,0.2395,73
224,2022-08-28 16:18:00,0.2397,0.2397,0.2397,0.2397,0
225,2022-08-28 16:17:00,0.2397,0.2397,0.2397,0.2397,0
226,2022-08-28 16:16:00,0.2397,0.2397,0.2397,0.2397,0
227,2022-08-28 16:15:00,0.2397,0.2397,0.2397,0.2397,0
228,2022-08-28 16:14:00,0.2397,0.2397,0.2397,0.2397,0
229,2022-08-28 16:13:00,0.2397,0.2397,0.2397,0.2397,748
230,2022-08-28 16:12:00,0.2397,0.2397,0.2397,0.2397,500
231,2022-08-28 16:11:00,0.2393,0.2393,0.2393,0.2393,0
232,2022-08-28 16:10:00,0.2393,0.2393,0.2393,0.2393,0
233,2022-08-28 16:09:00,0.2393,0.2393,0.2393,0.2393,0
234,2022-08-28 16:08:00,0.2393,0.2393,0.2393,0.2393,0
235,2022-08-28 16:07:00,0.2393,0.2393,0.2393,0.2393,0
236,2022-08-28 16:06:00,0.2393,0.2393,0.2393,0.2393,0
237,2022-08-28 16:05:00,0.2393,0.2393,0.2393,0.2393,0
238,2022-08-28 16:04:00,0.2393,0.2393,0.2393,0.2393,0
239,2022-08-28 16:03:00,0.2395,0.2395,0.2393,0.2393,6443
240,2022-08-28 16:02:00,0.2399,0.2399,0.2395,0.2395,7499
241,2022-08-28 16:01:00,0.2397,0.2397,0.2397,0.2397,0
242,2022-08-28 16:00:00,0.2395,0.2397,0.2394,0.2397,3658
243,2022-08-28 15:59:00,0.2397,0.2397,0.2397,0.2397,130
244,2022-08-28 15:58:00,0.2398,0.2398,0.2398,0.2398,180
245,2022-08-28 15:57:00,0.2402,0.2402,0.2402,0.2402,0
246,2022-08-28 15:56:00,0.2402,0.2402,0.2402,0.2402,0
247,2022-08-28 15:55:00,0.2402,0.2402,0.2402,0.2402,0
248,2022-08-28 15:54:00,0.24,0.2402,0.24,0.2402,1800
249,2022-08-28 15:53:00,0.24,0.24,0.24,0.24,71
250,2022-08-28 15:52:00,0.2403,0.2403,0.2402,0.2402,1429
251,2022-08-28 15:51:00,0.2401,0.2401,0.2401,0.2401,0
252,2022-08-28 15:50:00,0.2401,0.2401,0.2401,0.2401,0
253,2022-08-28 15:49:00,0.2401,0.2402,0.2401,0.2401,416
254,2022-08-28 15:48:00,0.2399,0.2399,0.2399,0.2399,0
255,2022-08-28 15:47:00,0.2399,0.2399,0.2399,0.2399,0
256,2022-08-28 15:46:00,0.2395,0.2399,0.2395,0.2399,7998
257,2022-08-28 15:45:00,0.2394,0.2394,0.2394,0.2394,1535
258,2022-08-28 15:44:00,0.2394,0.2394,0.2394,0.2394,371
259,2022-08-28 15:43:00,0.2394,0.2394,0.2394,0.2394,0
260,2022-08-28 15:42:00,0.2394,0.2394,0.2394,0.2394,0
261,2022-08-28 15:41:00,0.2392,0.2394,0.2392,0.2394,2862
262,2022-08-28 15:40:00,0.2392,0.2392,0.2392,0.2392,0
263,2022-08-28 15:39:00,0.2392,0.2392,0.2392,0.2392,0
264,2022-08-28 15:38:00,0.2392,0.2392,0.2392,0.2392,0
265,2022-08-28 15:37:00,0.2392,0.2392,0.2392,0.2392,0
266,2022-08-28 15:36:00,0.2392,0.2392,0.2392,0.2392,2730
267,2022-08-28 15:35:00,0.2396,0.2396,0.2396,0.2396,0
268,2022-08-28 15:34:00,0.2396,0.2396,0.2396,0.2396,0
269,2022-08-28 15:33:00,0.2396,0.2396,0.2396,0.2396,0
270,2022-08-28 15:32:00,0.2396,0.2396,0.2396,0.2396,0
271,2022-08-28 15:31:00,0.2396,0.2396,0.2396,0.2396,0
272,2022-08-28 15:30:00,0.2396,0.2396,0.2396,0.2396,0
273,2022-08-28 15:29:00,0.2396,0.2396,0.2396,0.2396,0
274,2022-08-28 15:28:00,0.2396,0.2396,0.2396,0.2396,0
275,2022-08-28 15:27:00,0.2396,0.2396,0.2396,0.2396,0
276,2022-08-28 15:26:00,0.2396,0.2396,0.2396,0.2396,139
277,2022-08-28 15:25:00,0.2393,0.2393,0.2393,0.2393,0
278,2022-08-28 15:24:00,0.2393,0.2393,0.2393,0.2393,0
279,2022-08-28 15:23:00,0.2393,0.2393,0.2393,0.2393,0
280,2022-08-28 15:22:00,0.2393,0.2393,0.2393,0.2393,0
281,2022-08-28 15:21:00,0.2393,0.2393,0.2393,0.2393,0
282,2022-08-28 15:20:00,0.2392,0.2393,0.239,0.2393,6506
283,2022-08-28 15:19:00,0.2398,0.2398,0.2394,0.2394,1986
284,2022-08-28 15:18:00,0.2396,0.2396,0.2396,0.2396,0
285,2022-08-28 15:17:00,0.2396,0.2396,0.2396,0.2396,69
286,2022-08-28 15:16:00,0.2396,0.2396,0.2396,0.2396,136
287,2022-08-28 15:15:00,0.2396,0.2396,0.2396,0.2396,134
288,2022-08-28 15:14:00,0.2397,0.2397,0.2396,0.2396,208
289,2022-08-28 15:13:00,0.2398,0.2398,0.2398,0.2398,208
290,2022-08-28 15:12:00,0.2398,0.2398,0.2398,0.2398,208
291,2022-08-28 15:11:00,0.2398,0.2398,0.2398,0.2398,262
292,2022-08-28 15:10:00,0.2398,0.2398,0.2398,0.2398,0
293,2022-08-28 15:09:00,0.2398,0.2398,0.2398,0.2398,55
294,2022-08-28 15:08:00,0.24,0.24,0.24,0.24,0
295,2022-08-28 15:07:00,0.24,0.24,0.24,0.24,0
296,2022-08-28 15:06:00,0.24,0.24,0.24,0.24,0
297,2022-08-28 15:05:00,0.24,0.24,0.24,0.24,0
298,2022-08-28 15:04:00,0.24,0.24,0.24,0.24,0
299,2022-08-28 15:03:00,0.24,0.24,0.24,0.24,0
300,2022-08-28 15:02:00,0.24,0.24,0.24,0.24,130
301,2022-08-28 15:01:00,0.2396,0.2396,0.2396,0.2396,0
302,2022-08-28 15:00:00,0.2396,0.2396,0.2396,0.2396,0
303,2022-08-28 14:59:00,0.2396,0.2396,0.2396,0.2396,0
304,2022-08-28 14:58:00,0.2396,0.2396,0.2396,0.2396,0
305,2022-08-28 14:57:00,0.2396,0.2396,0.2396,0.2396,384
306,2022-08-28 14:56:00,0.2396,0.2396,0.2396,0.2396,529
307,2022-08-28 14:55:00,0.24,0.24,0.24,0.24,0
308,2022-08-28 14:54:00,0.24,0.24,0.24,0.24,46
309,2022-08-28 14:53:00,0.2398,0.2398,0.2398,0.2398,0
310,2022-08-28 14:52:00,0.2398,0.2398,0.2398,0.2398,279
311,2022-08-28 14:51:00,0.24,0.24,0.24,0.24,117
312,2022-08-28 14:50:00,0.24,0.24,0.24,0.24,92
313,2022-08-28 14:49:00,0.2399,0.2399,0.2399,0.2399,0
314,2022-08-28 14:48:00,0.2399,0.2399,0.2399,0.2399,115
315,2022-08-28 14:47:00,0.2401,0.2401,0.2401,0.2401,0
316,2022-08-28 14:46:00,0.24,0.2401,0.2398,0.2401,7409
317,2022-08-28 14:45:00,0.2396,0.2396,0.2396,0.2396,50
318,2022-08-28 14:44:00,0.2397,0.2397,0.2397,0.2397,0
319,2022-08-28 14:43:00,0.2397,0.2397,0.2397,0.2397,0
320,2022-08-28 14:42:00,0.2397,0.2397,0.2397,0.2397,101
321,2022-08-28 14:41:00,0.2394,0.2394,0.2394,0.2394,2180
322,2022-08-28 14:40:00,0.2399,0.2399,0.2399,0.2399,0
323,2022-08-28 14:39:00,0.2392,0.2399,0.2392,0.2399,5622
324,2022-08-28 14:38:00,0.2392,0.2392,0.2392,0.2392,0
325,2022-08-28 14:37:00,0.2392,0.2392,0.2392,0.2392,0
326,2022-08-28 14:36:00,0.2397,0.2397,0.2392,0.2392,2054
327,2022-08-28 14:35:00,0.2392,0.2392,0.2391,0.2391,1460
328,2022-08-28 14:34:00,0.2392,0.2392,0.2392,0.2392,199
329,2022-08-28 14:33:00,0.2395,0.2395,0.2395,0.2395,0
330,2022-08-28 14:32:00,0.2395,0.2395,0.2395,0.2395,0
331,2022-08-28 14:31:00,0.2395,0.2395,0.2395,0.2395,283
332,2022-08-28 14:30:00,0.2396,0.2396,0.2396,0.2396,0
333,2022-08-28 14:29:00,0.2396,0.2396,0.2396,0.2396,0
334,2022-08-28 14:28:00,0.2396,0.2396,0.2396,0.2396,0
335,2022-08-28 14:27:00,0.2396,0.2396,0.2396,0.2396,0
336,2022-08-28 14:26:00,0.2396,0.2396,0.2396,0.2396,478
337,2022-08-28 14:25:00,0.24,0.24,0.2398,0.2398,447
338,2022-08-28 14:24:00,0.2396,0.2396,0.2392,0.2392,2966
339,2022-08-28 14:23:00,0.2398,0.24,0.2398,0.2399,4880
340,2022-08-28 14:22:00,0.2395,0.2395,0.2395,0.2395,0
341,2022-08-28 14:21:00,0.2395,0.2395,0.2395,0.2395,163
342,2022-08-28 14:20:00,0.2398,0.2398,0.2398,0.2398,0
343,2022-08-28 14:19:00,0.2398,0.2398,0.2398,0.2398,54
344,2022-08-28 14:18:00,0.2399,0.2399,0.2399,0.2399,204
345,2022-08-28 14:17:00,0.24,0.24,0.24,0.24,0
346,2022-08-28 14:16:00,0.24,0.24,0.24,0.24,0
347,2022-08-28 14:15:00,0.2401,0.2401,0.24,0.24,365
348,2022-08-28 14:14:00,0.2402,0.2402,0.2402,0.2402,0
349,2022-08-28 14:13:00,0.2402,0.2402,0.2402,0.2402,0
350,2022-08-28 14:12:00,0.2402,0.2402,0.2402,0.2402,0
351,2022-08-28 14:11:00,0.2402,0.2402,0.2402,0.2402,163
352,2022-08-28 14:10:00,0.2402,0.2402,0.2402,0.2402,0
353,2022-08-28 14:09:00,0.2402,0.2402,0.2402,0.2402,0
354,2022-08-28 14:08:00,0.2402,0.2402,0.2402,0.2402,0
355,2022-08-28 14:07:00,0.2402,0.2402,0.2402,0.2402,0
356,2022-08-28 14:06:00,0.2402,0.2402,0.2402,0.2402,132
357,2022-08-28 14:05:00,0.24,0.24,0.24,0.24,0
358,2022-08-28 14:04:00,0.24,0.24,0.24,0.24,0
359,2022-08-28 14:03:00,0.24,0.24,0.24,0.24,0
360,2022-08-28 14:02:00,0.24,0.24,0.24,0.24,158
361,2022-08-28 14:01:00,0.2406,0.2406,0.2406,0.2406,0
362,2022-08-28 14:00:00,0.2399,0.2406,0.2394,0.2406,9985
363,2022-08-28 13:59:00,0.2402,0.2402,0.2402,0.2402,0
364,2022-08-28 13:58:00,0.2402,0.2402,0.2402,0.2402,0
365,2022-08-28 13:57:00,0.2402,0.2402,0.2402,0.2402,0
366,2022-08-28 13:56:00,0.2402,0.2402,0.2402,0.2402,0
367,2022-08-28 13:55:00,0.2402,0.2402,0.2402,0.2402,0
368,2022-08-28 13:54:00,0.2402,0.2402,0.2402,0.2402,0
369,2022-08-28 13:53:00,0.2402,0.2402,0.2402,0.2402,0
370,2022-08-28 13:52:00,0.2405,0.2405,0.2402,0.2402,3179
371,2022-08-28 13:51:00,0.2405,0.2405,0.2405,0.2405,0
372,2022-08-28 13:50:00,0.2405,0.2405,0.2405,0.2405,4297
373,2022-08-28 13:49:00,0.2408,0.2408,0.2404,0.2404,3918
374,2022-08-28 13:48:00,0.2404,0.2404,0.2404,0.2404,106
375,2022-08-28 13:47:00,0.2404,0.2405,0.2404,0.2404,5929
376,2022-08-28 13:46:00,0.2404,0.2404,0.2404,0.2404,465
377,2022-08-28 13:45:00,0.2402,0.2402,0.2402,0.2402,0
378,2022-08-28 13:44:00,0.2402,0.2402,0.2402,0.2402,62
379,2022-08-28 13:43:00,0.24,0.2401,0.24,0.2401,1175
380,2022-08-28 13:42:00,0.2401,0.2401,0.2401,0.2401,0
381,2022-08-28 13:41:00,0.2401,0.2401,0.2401,0.2401,0
382,2022-08-28 13:40:00,0.2401,0.2401,0.2401,0.2401,0
383,2022-08-28 13:39:00,0.2401,0.2401,0.2401,0.2401,0
384,2022-08-28 13:38:00,0.2401,0.2401,0.2401,0.2401,0
385,2022-08-28 13:37:00,0.2391,0.2409,0.2391,0.2401,104529
386,2022-08-28 13:36:00,0.2392,0.2392,0.239,0.239,15973
387,2022-08-28 13:35:00,0.2391,0.2392,0.2391,0.2392,1609
388,2022-08-28 13:34:00,0.2395,0.2395,0.2387,0.2391,125135
389,2022-08-28 13:33:00,0.2396,0.2396,0.2396,0.2396,578
390,2022-08-28 13:32:00,0.2395,0.2395,0.2395,0.2395,0
391,2022-08-28 13:31:00,0.2395,0.2395,0.2395,0.2395,0
392,2022-08-28 13:30:00,0.2396,0.2396,0.2395,0.2395,3102
393,2022-08-28 13:29:00,0.2396,0.2396,0.2396,0.2396,893
394,2022-08-28 13:28:00,0.2396,0.2396,0.2396,0.2396,185
395,2022-08-28 13:27:00,0.2417,0.2417,0.2398,0.2403,65601
396,2022-08-28 13:26:00,0.2417,0.242,0.2417,0.242,574
397,2022-08-28 13:25:00,0.2423,0.2423,0.2423,0.2423,0
398,2022-08-28 13:24:00,0.2423,0.2423,0.2423,0.2423,353
399,2022-08-28 13:23:00,0.242,0.242,0.242,0.242,0
400,2022-08-28 13:22:00,0.2427,0.2427,0.242,0.242,10993
401,2022-08-28 13:21:00,0.2421,0.2429,0.2421,0.2426,11591
402,2022-08-28 13:20:00,0.2419,0.2419,0.2419,0.2419,0
403,2022-08-28 13:19:00,0.2418,0.2422,0.2417,0.2419,7820
404,2022-08-28 13:18:00,0.2404,0.2416,0.2404,0.2416,85561
405,2022-08-28 13:17:00,0.2404,0.2404,0.2404,0.2404,91
406,2022-08-28 13:16:00,0.2406,0.2406,0.2406,0.2406,0
407,2022-08-28 13:15:00,0.2406,0.2406,0.2406,0.2406,74
408,2022-08-28 13:14:00,0.2406,0.2406,0.2406,0.2406,234
409,2022-08-28 13:13:00,0.2403,0.2403,0.2403,0.2403,459
410,2022-08-28 13:12:00,0.2404,0.2404,0.2404,0.2404,0
411,2022-08-28 13:11:00,0.2404,0.2404,0.2404,0.2404,0
412,2022-08-28 13:10:00,0.241,0.2412,0.2401,0.2404,46229
413,2022-08-28 13:09:00,0.241,0.241,0.241,0.241,626
414,2022-08-28 13:08:00,0.2409,0.2409,0.2409,0.2409,219
415,2022-08-28 13:07:00,0.2409,0.2409,0.2409,0.2409,0
416,2022-08-28 13:06:00,0.2409,0.2409,0.2409,0.2409,0
417,2022-08-28 13:05:00,0.2409,0.2409,0.2409,0.2409,0
418,2022-08-28 13:04:00,0.2409,0.2409,0.2409,0.2409,0
419,2022-08-28 13:03:00,0.2397,0.2412,0.2397,0.2409,40583
420,2022-08-28 13:02:00,0.2397,0.2397,0.2397,0.2397,233
421,2022-08-28 13:01:00,0.24,0.24,0.24,0.24,0
422,2022-08-28 13:00:00,0.2401,0.2401,0.24,0.24,858
423,2022-08-28 12:59:00,0.2394,0.2404,0.2394,0.2399,21560
424,2022-08-28 12:58:00,0.2396,0.2396,0.2396,0.2396,929
425,2022-08-28 12:57:00,0.2396,0.2396,0.2394,0.2396,8237
426,2022-08-28 12:56:00,0.2401,0.2401,0.2393,0.2397,14299
427,2022-08-28 12:55:00,0.2401,0.2401,0.2401,0.2401,84
428,2022-08-28 12:54:00,0.24,0.24,0.24,0.24,0
429,2022-08-28 12:53:00,0.24,0.24,0.24,0.24,0
430,2022-08-28 12:52:00,0.24,0.24,0.24,0.24,0
431,2022-08-28 12:51:00,0.24,0.24,0.24,0.24,0
432,2022-08-28 12:50:00,0.24,0.24,0.24,0.24,0
433,2022-08-28 12:49:00,0.2401,0.2401,0.24,0.24,237
434,2022-08-28 12:48:00,0.2404,0.2404,0.2401,0.2401,4438
435,2022-08-28 12:47:00,0.2401,0.2404,0.2401,0.2404,1877
436,2022-08-28 12:46:00,0.2404,0.2404,0.2404,0.2404,0
437,2022-08-28 12:45:00,0.2404,0.2404,0.2404,0.2404,0
438,2022-08-28 12:44:00,0.2404,0.2404,0.2404,0.2404,0
439,2022-08-28 12:43:00,0.2401,0.2404,0.2401,0.2404,90
440,2022-08-28 12:42:00,0.2403,0.2403,0.2401,0.2401,3516
441,2022-08-28 12:41:00,0.2403,0.2403,0.2402,0.2402,101
442,2022-08-28 12:40:00,0.2403,0.2403,0.2403,0.2403,0
443,2022-08-28 12:39:00,0.2403,0.2403,0.2403,0.2403,0
444,2022-08-28 12:38:00,0.2403,0.2403,0.2403,0.2403,64
445,2022-08-28 12:37:00,0.2404,0.2405,0.2403,0.2403,5120
446,2022-08-28 12:36:00,0.2406,0.2406,0.2403,0.2404,6700
447,2022-08-28 12:35:00,0.2406,0.2406,0.2406,0.2406,82
448,2022-08-28 12:34:00,0.2409,0.2409,0.2409,0.2409,0
449,2022-08-28 12:33:00,0.2409,0.2409,0.2409,0.2409,0
450,2022-08-28 12:32:00,0.2409,0.2409,0.2409,0.2409,255
451,2022-08-28 12:31:00,0.2404,0.2404,0.2404,0.2404,0
452,2022-08-28 12:30:00,0.2404,0.2404,0.2404,0.2404,156
453,2022-08-28 12:29:00,0.2404,0.2407,0.2403,0.2404,1709
454,2022-08-28 12:28:00,0.2405,0.2405,0.2405,0.2405,100
455,2022-08-28 12:27:00,0.2403,0.2408,0.2403,0.2408,2196
456,2022-08-28 12:26:00,0.2406,0.2406,0.2406,0.2406,0
457,2022-08-28 12:25:00,0.2405,0.2406,0.2402,0.2406,8713
458,2022-08-28 12:24:00,0.2405,0.2405,0.2405,0.2405,247
459,2022-08-28 12:23:00,0.2405,0.2406,0.2405,0.2406,2952
460,2022-08-28 12:22:00,0.2405,0.2405,0.2404,0.2405,11239
461,2022-08-28 12:21:00,0.2406,0.2406,0.2404,0.2405,2209
462,2022-08-28 12:20:00,0.2406,0.2406,0.2406,0.2406,644
463,2022-08-28 12:19:00,0.2407,0.2407,0.2407,0.2407,951
464,2022-08-28 12:18:00,0.2407,0.2407,0.2407,0.2407,0
465,2022-08-28 12:17:00,0.2407,0.2407,0.2407,0.2407,0
466,2022-08-28 12:16:00,0.241,0.241,0.2407,0.2407,3729
467,2022-08-28 12:15:00,0.2411,0.2411,0.2411,0.2411,645
468,2022-08-28 12:14:00,0.241,0.241,0.241,0.241,0
469,2022-08-28 12:13:00,0.241,0.241,0.241,0.241,33882
470,2022-08-28 12:12:00,0.241,0.241,0.241,0.241,0
471,2022-08-28 12:11:00,0.241,0.241,0.241,0.241,0
472,2022-08-28 12:10:00,0.241,0.241,0.241,0.241,825
473,2022-08-28 12:09:00,0.2408,0.2408,0.2408,0.2408,1060
474,2022-08-28 12:08:00,0.2411,0.2411,0.2408,0.2408,3503
475,2022-08-28 12:07:00,0.2411,0.2411,0.241,0.2411,4322
476,2022-08-28 12:06:00,0.2411,0.2411,0.2411,0.2411,0
477,2022-08-28 12:05:00,0.2411,0.2411,0.2411,0.2411,0
478,2022-08-28 12:04:00,0.2411,0.2411,0.2411,0.2411,0
479,2022-08-28 12:03:00,0.2411,0.2412,0.2411,0.2411,1552
480,2022-08-28 12:02:00,0.2412,0.2412,0.2412,0.2412,0
481,2022-08-28 12:01:00,0.2412,0.2412,0.2412,0.2412,1100
482,2022-08-28 12:00:00,0.2412,0.2414,0.2411,0.2411,2577
483,2022-08-28 11:59:00,0.2414,0.2414,0.2414,0.2414,158
484,2022-08-28 11:58:00,0.2414,0.2414,0.2414,0.2414,0
485,2022-08-28 11:57:00,0.2414,0.2414,0.2414,0.2414,487
486,2022-08-28 11:56:00,0.2415,0.2415,0.2415,0.2415,0
487,2022-08-28 11:55:00,0.2415,0.242,0.2415,0.2415,8889
488,2022-08-28 11:54:00,0.2414,0.2414,0.2414,0.2414,1100
489,2022-08-28 11:53:00,0.2411,0.2411,0.2411,0.2411,0
490,2022-08-28 11:52:00,0.2413,0.2413,0.2411,0.2411,686
491,2022-08-28 11:51:00,0.2415,0.2415,0.2415,0.2415,307
492,2022-08-28 11:50:00,0.2414,0.2414,0.2414,0.2414,0
493,2022-08-28 11:49:00,0.2414,0.2414,0.2414,0.2414,0
494,2022-08-28 11:48:00,0.2414,0.2414,0.2414,0.2414,87
495,2022-08-28 11:47:00,0.2413,0.2413,0.2413,0.2413,0
496,2022-08-28 11:46:00,0.2413,0.2413,0.2413,0.2413,0
497,2022-08-28 11:45:00,0.2413,0.2413,0.2413,0.2413,0
498,2022-08-28 11:44:00,0.2413,0.2413,0.2413,0.2413,0
499,2022-08-28 11:43:00,0.2413,0.2413,0.2413,0.2413,0
500,2022-08-28 11:42:00,0.2413,0.2413,0.2413,0.2413,0
501,2022-08-28 11:41:00,0.2413,0.2413,0.2413,0.2413,281
502,2022-08-28 11:40:00,0.2413,0.2413,0.2413,0.2413,0
503,2022-08-28 11:39:00,0.2413,0.2413,0.2413,0.2413,0
504,2022-08-28 11:38:00,0.2413,0.2413,0.2413,0.2413,0
505,2022-08-28 11:37:00,0.2413,0.2413,0.2413,0.2413,71
506,2022-08-28 11:36:00,0.2413,0.2413,0.2413,0.2413,0
507,2022-08-28 11:35:00,0.2413,0.2413,0.2413,0.2413,936
508,2022-08-28 11:34:00,0.2413,0.2413,0.2413,0.2413,82
509,2022-08-28 11:33:00,0.2415,0.2415,0.2415,0.2415,196
510,2022-08-28 11:32:00,0.2414,0.2415,0.2411,0.2415,5631
511,2022-08-28 11:31:00,0.2412,0.2412,0.2412,0.2412,0
512,2022-08-28 11:30:00,0.2412,0.2412,0.2412,0.2412,0
513,2022-08-28 11:29:00,0.2412,0.2412,0.2412,0.2412,0
514,2022-08-28 11:28:00,0.2412,0.2412,0.2412,0.2412,50
515,2022-08-28 11:27:00,0.241,0.241,0.241,0.241,0
516,2022-08-28 11:26:00,0.241,0.241,0.241,0.241,0
517,2022-08-28 11:25:00,0.241,0.241,0.241,0.241,0
518,2022-08-28 11:24:00,0.2411,0.2411,0.241,0.241,1958
519,2022-08-28 11:23:00,0.2412,0.2412,0.2412,0.2412,409
520,2022-08-28 11:22:00,0.2411,0.2412,0.2411,0.2412,529
521,2022-08-28 11:21:00,0.2411,0.2411,0.2411,0.2411,64
522,2022-08-28 11:20:00,0.2412,0.2412,0.2411,0.2411,1333
523,2022-08-28 11:19:00,0.241,0.241,0.241,0.241,0
524,2022-08-28 11:18:00,0.241,0.241,0.241,0.241,411
525,2022-08-28 11:17:00,0.2411,0.2411,0.2411,0.2411,0
526,2022-08-28 11:16:00,0.2411,0.2411,0.2411,0.2411,135
527,2022-08-28 11:15:00,0.2409,0.2411,0.2409,0.2411,3863
528,2022-08-28 11:14:00,0.2409,0.2409,0.2409,0.2409,0
529,2022-08-28 11:13:00,0.2413,0.2413,0.2409,0.2409,1824
530,2022-08-28 11:12:00,0.2412,0.2412,0.2412,0.2412,0
531,2022-08-28 11:11:00,0.2412,0.2412,0.2412,0.2412,0
532,2022-08-28 11:10:00,0.2412,0.2412,0.2412,0.2412,0
533,2022-08-28 11:09:00,0.2413,0.2413,0.2412,0.2412,1580
534,2022-08-28 11:08:00,0.2411,0.2415,0.2411,0.2415,1302
535,2022-08-28 11:07:00,0.241,0.241,0.241,0.241,1690
536,2022-08-28 11:06:00,0.2411,0.2411,0.2411,0.2411,974
537,2022-08-28 11:05:00,0.2411,0.2413,0.241,0.2411,5657
538,2022-08-28 11:04:00,0.2412,0.2412,0.241,0.241,3551
539,2022-08-28 11:03:00,0.2413,0.2413,0.2413,0.2413,497
540,2022-08-28 11:02:00,0.241,0.241,0.241,0.241,0
541,2022-08-28 11:01:00,0.241,0.241,0.241,0.241,0
542,2022-08-28 11:00:00,0.2413,0.2413,0.241,0.241,151
543,2022-08-28 10:59:00,0.241,0.241,0.241,0.241,0
544,2022-08-28 10:58:00,0.2411,0.2411,0.241,0.241,945
545,2022-08-28 10:57:00,0.2413,0.2413,0.2413,0.2413,3162
546,2022-08-28 10:56:00,0.2417,0.2419,0.2407,0.2415,6837
547,2022-08-28 10:55:00,0.2415,0.2415,0.2415,0.2415,1056
548,2022-08-28 10:54:00,0.2419,0.2419,0.2419,0.2419,0
549,2022-08-28 10:53:00,0.2419,0.2419,0.2417,0.2419,6031
550,2022-08-28 10:52:00,0.2417,0.242,0.2417,0.2417,986
551,2022-08-28 10:51:00,0.242,0.242,0.242,0.242,0
552,2022-08-28 10:50:00,0.242,0.242,0.242,0.242,72
553,2022-08-28 10:49:00,0.2417,0.2417,0.2417,0.2417,0
554,2022-08-28 10:48:00,0.2417,0.2419,0.2417,0.2417,2196
555,2022-08-28 10:47:00,0.242,0.242,0.2407,0.2419,17605
556,2022-08-28 10:46:00,0.242,0.2421,0.242,0.2421,1005
557,2022-08-28 10:45:00,0.2426,0.2426,0.2421,0.2421,1852
558,2022-08-28 10:44:00,0.2423,0.2423,0.2423,0.2423,84
559,2022-08-28 10:43:00,0.2426,0.2427,0.2426,0.2427,1404
560,2022-08-28 10:42:00,0.2424,0.2426,0.2424,0.2426,939
561,2022-08-28 10:41:00,0.2432,0.2432,0.2432,0.2432,103
562,2022-08-28 10:40:00,0.2432,0.2432,0.2432,0.2432,82
563,2022-08-28 10:39:00,0.2428,0.243,0.2428,0.2429,2714
564,2022-08-28 10:38:00,0.2431,0.2431,0.2431,0.2431,620
565,2022-08-28 10:37:00,0.2431,0.2431,0.2431,0.2431,1765
566,2022-08-28 10:36:00,0.2427,0.2427,0.2427,0.2427,1916
567,2022-08-28 10:35:00,0.2426,0.2426,0.2426,0.2426,0
568,2022-08-28 10:34:00,0.2433,0.2433,0.2426,0.2426,2263
569,2022-08-28 10:33:00,0.2432,0.2432,0.2432,0.2432,0
570,2022-08-28 10:32:00,0.2432,0.2432,0.2432,0.2432,0
571,2022-08-28 10:31:00,0.2428,0.2432,0.2428,0.2432,121
572,2022-08-28 10:30:00,0.2429,0.2432,0.2429,0.2431,9959
573,2022-08-28 10:29:00,0.2421,0.2424,0.2421,0.2422,12086
574,2022-08-28 10:28:00,0.2422,0.2422,0.2421,0.2421,241
575,2022-08-28 10:27:00,0.2421,0.2427,0.2421,0.2427,773
576,2022-08-28 10:26:00,0.2427,0.2427,0.2422,0.2422,3009
577,2022-08-28 10:25:00,0.2425,0.2427,0.2425,0.2427,1219
578,2022-08-28 10:24:00,0.2421,0.2425,0.2421,0.2425,184
579,2022-08-28 10:23:00,0.2435,0.2435,0.2402,0.2422,96284
580,2022-08-28 10:22:00,0.2438,0.244,0.2436,0.2437,4289
581,2022-08-28 10:21:00,0.2438,0.2438,0.2438,0.2438,989
582,2022-08-28 10:20:00,0.2435,0.2441,0.2432,0.2441,3709
583,2022-08-28 10:19:00,0.2433,0.2437,0.2433,0.2436,1784
584,2022-08-28 10:18:00,0.2433,0.2433,0.2433,0.2433,411
585,2022-08-28 10:17:00,0.2432,0.2432,0.2432,0.2432,1069
586,2022-08-28 10:16:00,0.2432,0.2432,0.2432,0.2432,100
587,2022-08-28 10:15:00,0.2428,0.243,0.2425,0.243,4861
588,2022-08-28 10:14:00,0.2429,0.2429,0.2429,0.2429,0
589,2022-08-28 10:13:00,0.2429,0.2429,0.2429,0.2429,0
590,2022-08-28 10:12:00,0.2433,0.2435,0.2429,0.2429,8760
591,2022-08-28 10:11:00,0.243,0.2432,0.2429,0.2432,773
592,2022-08-28 10:10:00,0.2431,0.2431,0.243,0.243,1876
593,2022-08-28 10:09:00,0.2427,0.2427,0.2427,0.2427,0
594,2022-08-28 10:08:00,0.2429,0.2429,0.2427,0.2427,189
595,2022-08-28 10:07:00,0.2429,0.2429,0.2429,0.2429,289
596,2022-08-28 10:06:00,0.2429,0.2429,0.2429,0.2429,475
597,2022-08-28 10:05:00,0.2427,0.2428,0.2427,0.2428,1218
598,2022-08-28 10:04:00,0.2426,0.2426,0.2426,0.2426,1100
599,2022-08-28 10:03:00,0.2429,0.2429,0.2429,0.2429,0
600,2022-08-28 10:02:00,0.2423,0.2433,0.2423,0.2429,8638
601,2022-08-28 10:01:00,0.2423,0.2423,0.2423,0.2423,0
602,2022-08-28 10:00:00,0.2423,0.2423,0.2423,0.2423,0
603,2022-08-28 09:59:00,0.2423,0.2423,0.2423,0.2423,0
604,2022-08-28 09:58:00,0.2421,0.2423,0.2421,0.2423,644
605,2022-08-28 09:57:00,0.2423,0.2423,0.2421,0.2421,1898
606,2022-08-28 09:56:00,0.2427,0.2427,0.2425,0.2425,596
607,2022-08-28 09:55:00,0.2427,0.2428,0.2427,0.2428,1106
608,2022-08-28 09:54:00,0.2425,0.2425,0.2425,0.2425,0
609,2022-08-28 09:53:00,0.2428,0.2428,0.2425,0.2425,192
610,2022-08-28 09:52:00,0.2427,0.2427,0.2427,0.2427,0
611,2022-08-28 09:51:00,0.2427,0.2427,0.2427,0.2427,610
612,2022-08-28 09:50:00,0.2422,0.243,0.2422,0.2429,3203
613,2022-08-28 09:49:00,0.2421,0.2421,0.2421,0.2421,811
614,2022-08-28 09:48:00,0.2421,0.2421,0.2421,0.2421,52
615,2022-08-28 09:47:00,0.2415,0.2415,0.2415,0.2415,0
616,2022-08-28 09:46:00,0.2415,0.2415,0.2415,0.2415,0
617,2022-08-28 09:45:00,0.2415,0.2415,0.2415,0.2415,0
618,2022-08-28 09:44:00,0.2415,0.2415,0.2415,0.2415,0
619,2022-08-28 09:43:00,0.2417,0.2417,0.2415,0.2415,2427
620,2022-08-28 09:42:00,0.2417,0.2417,0.2417,0.2417,0
621,2022-08-28 09:41:00,0.2417,0.2417,0.2417,0.2417,332
622,2022-08-28 09:40:00,0.2422,0.2422,0.2422,0.2422,0
623,2022-08-28 09:39:00,0.2422,0.2422,0.2422,0.2422,404
624,2022-08-28 09:38:00,0.2421,0.2421,0.2421,0.2421,500
625,2022-08-28 09:37:00,0.2422,0.2422,0.2421,0.2421,670
626,2022-08-28 09:36:00,0.2423,0.2423,0.2423,0.2423,1716
627,2022-08-28 09:35:00,0.2421,0.2421,0.2421,0.2421,0
628,2022-08-28 09:34:00,0.2421,0.2421,0.2421,0.2421,0
629,2022-08-28 09:33:00,0.2421,0.2421,0.2421,0.2421,0
630,2022-08-28 09:32:00,0.2418,0.2423,0.2418,0.2421,7422
631,2022-08-28 09:31:00,0.2417,0.2417,0.2417,0.2417,0
632,2022-08-28 09:30:00,0.2416,0.2422,0.2416,0.2417,14542
633,2022-08-28 09:29:00,0.2416,0.2416,0.2416,0.2416,0
634,2022-08-28 09:28:00,0.2416,0.2416,0.2416,0.2416,0
635,2022-08-28 09:27:00,0.2416,0.2416,0.2416,0.2416,0
636,2022-08-28 09:26:00,0.2416,0.2416,0.2416,0.2416,0
637,2022-08-28 09:25:00,0.2416,0.2416,0.2416,0.2416,0
638,2022-08-28 09:24:00,0.2416,0.2416,0.2416,0.2416,0
639,2022-08-28 09:23:00,0.2416,0.2416,0.2416,0.2416,1439
640,2022-08-28 09:22:00,0.2412,0.2416,0.2412,0.2416,194
641,2022-08-28 09:21:00,0.2406,0.2406,0.2406,0.2406,0
642,2022-08-28 09:20:00,0.2406,0.2406,0.2406,0.2406,0
643,2022-08-28 09:19:00,0.2418,0.2418,0.2406,0.2406,6278
644,2022-08-28 09:18:00,0.2417,0.2417,0.2417,0.2417,0
645,2022-08-28 09:17:00,0.2417,0.2417,0.2417,0.2417,0
646,2022-08-28 09:16:00,0.242,0.242,0.2416,0.2417,12762
647,2022-08-28 09:15:00,0.2422,0.2422,0.2422,0.2422,152
648,2022-08-28 09:14:00,0.2423,0.2424,0.2422,0.2422,1815
649,2022-08-28 09:13:00,0.2421,0.2423,0.2421,0.2422,3921
650,2022-08-28 09:12:00,0.2418,0.2432,0.2414,0.2419,20456
651,2022-08-28 09:11:00,0.2422,0.2422,0.2422,0.2422,168
652,2022-08-28 09:10:00,0.2423,0.2424,0.2423,0.2423,3157
653,2022-08-28 09:09:00,0.2409,0.2437,0.2408,0.2426,66874
654,2022-08-28 09:08:00,0.2409,0.2409,0.2409,0.2409,0
655,2022-08-28 09:07:00,0.2408,0.2409,0.2408,0.2409,509
656,2022-08-28 09:06:00,0.2409,0.2409,0.2409,0.2409,0
657,2022-08-28 09:05:00,0.2409,0.2409,0.2409,0.2409,132
658,2022-08-28 09:04:00,0.2407,0.2408,0.2405,0.2408,4561
659,2022-08-28 09:03:00,0.2408,0.2408,0.2408,0.2408,442
660,2022-08-28 09:02:00,0.2409,0.2409,0.2409,0.2409,0
661,2022-08-28 09:01:00,0.2409,0.2409,0.2409,0.2409,0
662,2022-08-28 09:00:00,0.2409,0.2409,0.2409,0.2409,0
663,2022-08-28 08:59:00,0.2409,0.2409,0.2409,0.2409,540
664,2022-08-28 08:58:00,0.2409,0.2409,0.2409,0.2409,214
665,2022-08-28 08:57:00,0.2409,0.2409,0.2409,0.2409,0
666,2022-08-28 08:56:00,0.2409,0.2409,0.2409,0.2409,0
667,2022-08-28 08:55:00,0.2406,0.2409,0.2406,0.2409,16635
668,2022-08-28 08:54:00,0.2404,0.2404,0.2404,0.2404,0
669,2022-08-28 08:53:00,0.2406,0.2406,0.2403,0.2404,6214
670,2022-08-28 08:52:00,0.2407,0.2407,0.2407,0.2407,0
671,2022-08-28 08:51:00,0.2407,0.2407,0.2407,0.2407,0
672,2022-08-28 08:50:00,0.2407,0.2407,0.2407,0.2407,0
673,2022-08-28 08:49:00,0.2403,0.2407,0.2402,0.2407,5905
674,2022-08-28 08:48:00,0.2405,0.2405,0.2403,0.2403,832
675,2022-08-28 08:47:00,0.2407,0.2407,0.2406,0.2406,953
676,2022-08-28 08:46:00,0.241,0.241,0.241,0.241,84
677,2022-08-28 08:45:00,0.2408,0.2408,0.2407,0.2407,1084
678,2022-08-28 08:44:00,0.2408,0.2408,0.2407,0.2407,3523
679,2022-08-28 08:43:00,0.2408,0.2408,0.2408,0.2408,419
680,2022-08-28 08:42:00,0.2412,0.2412,0.2412,0.2412,0
681,2022-08-28 08:41:00,0.2412,0.2412,0.2412,0.2412,961
682,2022-08-28 08:40:00,0.2412,0.2412,0.2412,0.2412,0
683,2022-08-28 08:39:00,0.2412,0.2412,0.2412,0.2412,935
684,2022-08-28 08:38:00,0.2412,0.2412,0.2412,0.2412,0
685,2022-08-28 08:37:00,0.2412,0.2412,0.2412,0.2412,0
686,2022-08-28 08:36:00,0.2412,0.2412,0.2412,0.2412,0
687,2022-08-28 08:35:00,0.2412,0.2412,0.2412,0.2412,0
688,2022-08-28 08:34:00,0.2413,0.2413,0.2412,0.2412,1285
689,2022-08-28 08:33:00,0.2413,0.2413,0.2413,0.2413,41
690,2022-08-28 08:32:00,0.2415,0.2415,0.2415,0.2415,0
691,2022-08-28 08:31:00,0.2415,0.2415,0.2415,0.2415,0
692,2022-08-28 08:30:00,0.2413,0.2415,0.2413,0.2415,3213
693,2022-08-28 08:29:00,0.2409,0.2409,0.2409,0.2409,0
694,2022-08-28 08:28:00,0.2409,0.2409,0.2409,0.2409,0
695,2022-08-28 08:27:00,0.2409,0.2409,0.2409,0.2409,0
696,2022-08-28 08:26:00,0.2409,0.2409,0.2409,0.2409,748
697,2022-08-28 08:25:00,0.2411,0.2411,0.2411,0.2411,0
698,2022-08-28 08:24:00,0.2411,0.2411,0.2411,0.2411,130
699,2022-08-28 08:23:00,0.2412,0.2412,0.2412,0.2412,0
700,2022-08-28 08:22:00,0.2412,0.2412,0.2412,0.2412,187
701,2022-08-28 08:21:00,0.2411,0.2411,0.2411,0.2411,0
702,2022-08-28 08:20:00,0.241,0.2411,0.241,0.2411,2596
703,2022-08-28 08:19:00,0.2407,0.2407,0.2407,0.2407,0
704,2022-08-28 08:18:00,0.241,0.241,0.2407,0.2407,770
705,2022-08-28 08:17:00,0.2409,0.2409,0.2409,0.2409,0
706,2022-08-28 08:16:00,0.2409,0.2409,0.2409,0.2409,0
707,2022-08-28 08:15:00,0.2409,0.2409,0.2409,0.2409,0
708,2022-08-28 08:14:00,0.2409,0.2409,0.2409,0.2409,47
709,2022-08-28 08:13:00,0.241,0.241,0.241,0.241,77
710,2022-08-28 08:12:00,0.241,0.241,0.241,0.241,77
711,2022-08-28 08:11:00,0.2408,0.2408,0.2408,0.2408,0
712,2022-08-28 08:10:00,0.2408,0.2408,0.2408,0.2408,0
713,2022-08-28 08:09:00,0.2408,0.2408,0.2408,0.2408,1658
714,2022-08-28 08:08:00,0.2407,0.2407,0.2407,0.2407,0
715,2022-08-28 08:07:00,0.2407,0.2407,0.2407,0.2407,655
716,2022-08-28 08:06:00,0.2408,0.2409,0.2405,0.2409,12120
717,2022-08-28 08:05:00,0.2407,0.2407,0.2406,0.2406,2254
718,2022-08-28 08:04:00,0.241,0.241,0.241,0.241,0
719,2022-08-28 08:03:00,0.241,0.241,0.241,0.241,0
720,2022-08-28 08:02:00,0.241,0.241,0.241,0.241,0
721,2022-08-28 08:01:00,0.2406,0.241,0.2406,0.241,3475
722,2022-08-28 08:00:00,0.2406,0.2406,0.2405,0.2405,9446
723,2022-08-28 07:59:00,0.2406,0.2406,0.2406,0.2406,0
724,2022-08-28 07:58:00,0.2406,0.2406,0.2406,0.2406,0
725,2022-08-28 07:57:00,0.2406,0.2406,0.2406,0.2406,0
726,2022-08-28 07:56:00,0.2409,0.2409,0.2406,0.2406,5872
727,2022-08-28 07:55:00,0.2409,0.2409,0.2409,0.2409,0
728,2022-08-28 07:54:00,0.2409,0.2409,0.2409,0.2409,0
729,2022-08-28 07:53:00,0.2411,0.2411,0.2409,0.2409,5597
730,2022-08-28 07:52:00,0.2412,0.2412,0.2412,0.2412,79
731,2022-08-28 07:51:00,0.2413,0.2413,0.2413,0.2413,0
732,2022-08-28 07:50:00,0.2413,0.2413,0.2413,0.2413,954
733,2022-08-28 07:49:00,0.2412,0.2412,0.2412,0.2412,0
734,2022-08-28 07:48:00,0.2413,0.2414,0.2412,0.2412,2874
735,2022-08-28 07:47:00,0.2413,0.2413,0.2413,0.2413,302
736,2022-08-28 07:46:00,0.2417,0.2417,0.2415,0.2415,4310
737,2022-08-28 07:45:00,0.2421,0.2421,0.2421,0.2421,0
738,2022-08-28 07:44:00,0.242,0.2421,0.2419,0.2421,5129
739,2022-08-28 07:43:00,0.2417,0.2417,0.2417,0.2417,0
740,2022-08-28 07:42:00,0.2417,0.2417,0.2417,0.2417,153
741,2022-08-28 07:41:00,0.2418,0.2419,0.2418,0.2419,207
742,2022-08-28 07:40:00,0.2417,0.2417,0.2417,0.2417,0
743,2022-08-28 07:39:00,0.2417,0.2417,0.2417,0.2417,3300
744,2022-08-28 07:38:00,0.2418,0.2419,0.2418,0.2418,989
745,2022-08-28 07:37:00,0.2418,0.2421,0.2413,0.2416,113768
746,2022-08-28 07:36:00,0.2419,0.2422,0.2417,0.2417,30095
747,2022-08-28 07:35:00,0.2421,0.2421,0.2419,0.2419,18919
748,2022-08-28 07:34:00,0.2423,0.2423,0.242,0.2422,9870
749,2022-08-28 07:33:00,0.2423,0.2423,0.2423,0.2423,0
750,2022-08-28 07:32:00,0.2423,0.2423,0.2423,0.2423,103
751,2022-08-28 07:31:00,0.2425,0.2425,0.2425,0.2425,0
752,2022-08-28 07:30:00,0.2425,0.2425,0.2425,0.2425,0
753,2022-08-28 07:29:00,0.2425,0.2425,0.2425,0.2425,0
754,2022-08-28 07:28:00,0.2425,0.2425,0.2425,0.2425,139
755,2022-08-28 07:27:00,0.2424,0.2424,0.2424,0.2424,0
756,2022-08-28 07:26:00,0.2424,0.2424,0.2424,0.2424,131
757,2022-08-28 07:25:00,0.2423,0.2424,0.2423,0.2424,5244
758,2022-08-28 07:24:00,0.2423,0.2423,0.2423,0.2423,0
759,2022-08-28 07:23:00,0.2423,0.2423,0.2423,0.2423,650
760,2022-08-28 07:22:00,0.2425,0.2425,0.2425,0.2425,84
761,2022-08-28 07:21:00,0.2425,0.2425,0.2425,0.2425,0
762,2022-08-28 07:20:00,0.2425,0.2425,0.2424,0.2425,1916
763,2022-08-28 07:19:00,0.2424,0.2426,0.2424,0.2425,12297
764,2022-08-28 07:18:00,0.2423,0.2423,0.2423,0.2423,42
765,2022-08-28 07:17:00,0.2424,0.2424,0.2421,0.2421,1273
766,2022-08-28 07:16:00,0.2423,0.2424,0.2423,0.2423,6066
767,2022-08-28 07:15:00,0.2426,0.2426,0.2426,0.2426,0
768,2022-08-28 07:14:00,0.2426,0.2426,0.2426,0.2426,0
769,2022-08-28 07:13:00,0.2426,0.2427,0.2425,0.2426,6050
770,2022-08-28 07:12:00,0.2424,0.2425,0.2424,0.2425,464
771,2022-08-28 07:11:00,0.2426,0.2426,0.2425,0.2425,1871
772,2022-08-28 07:10:00,0.2424,0.2424,0.2424,0.2424,4441
773,2022-08-28 07:09:00,0.2425,0.2425,0.2425,0.2425,0
774,2022-08-28 07:08:00,0.2426,0.2426,0.2425,0.2425,2200
775,2022-08-28 07:07:00,0.2424,0.2424,0.2424,0.2424,0
776,2022-08-28 07:06:00,0.243,0.2431,0.2417,0.2424,13378
777,2022-08-28 07:05:00,0.2426,0.2426,0.2426,0.2426,0
778,2022-08-28 07:04:00,0.2426,0.2426,0.2426,0.2426,0
779,2022-08-28 07:03:00,0.2426,0.2426,0.2426,0.2426,0
780,2022-08-28 07:02:00,0.2428,0.2428,0.2426,0.2426,3736
781,2022-08-28 07:01:00,0.2425,0.2431,0.2421,0.2423,48224
782,2022-08-28 07:00:00,0.2424,0.2424,0.2424,0.2424,0
783,2022-08-28 06:59:00,0.2429,0.2432,0.2418,0.2424,32208
784,2022-08-28 06:58:00,0.2422,0.2422,0.2422,0.2422,0
785,2022-08-28 06:57:00,0.2423,0.2425,0.2422,0.2422,3489
786,2022-08-28 06:56:00,0.2425,0.2433,0.2422,0.2425,32973
787,2022-08-28 06:55:00,0.243,0.244,0.2422,0.2426,68254
788,2022-08-28 06:54:00,0.2433,0.2433,0.2426,0.2428,21759
789,2022-08-28 06:53:00,0.243,0.243,0.243,0.243,421
790,2022-08-28 06:52:00,0.243,0.243,0.2427,0.243,7785
791,2022-08-28 06:51:00,0.2426,0.2432,0.2426,0.2431,22353
792,2022-08-28 06:50:00,0.2433,0.2433,0.2418,0.2426,118200
793,2022-08-28 06:49:00,0.2437,0.2437,0.2437,0.2437,0
794,2022-08-28 06:48:00,0.2437,0.2437,0.2437,0.2437,0
795,2022-08-28 06:47:00,0.2435,0.2437,0.2435,0.2437,10590
796,2022-08-28 06:46:00,0.2438,0.2438,0.2426,0.2435,30549
797,2022-08-28 06:45:00,0.2438,0.2438,0.2437,0.2438,2218
798,2022-08-28 06:44:00,0.2439,0.2439,0.2439,0.2439,42
799,2022-08-28 06:43:00,0.2441,0.2441,0.2438,0.2438,967
800,2022-08-28 06:42:00,0.2437,0.2441,0.2435,0.2438,8295
801,2022-08-28 06:41:00,0.2439,0.2439,0.2439,0.2439,336
802,2022-08-28 06:40:00,0.2437,0.2437,0.2437,0.2437,121
803,2022-08-28 06:39:00,0.2443,0.2443,0.2427,0.2437,27070
804,2022-08-28 06:38:00,0.2456,0.2456,0.2443,0.2443,34517
805,2022-08-28 06:37:00,0.2456,0.2456,0.2456,0.2456,0
806,2022-08-28 06:36:00,0.2458,0.2458,0.2456,0.2456,1479
807,2022-08-28 06:35:00,0.2456,0.2456,0.2456,0.2456,0
808,2022-08-28 06:34:00,0.2456,0.2456,0.2456,0.2456,81
809,2022-08-28 06:33:00,0.2459,0.2459,0.2456,0.2456,115
810,2022-08-28 06:32:00,0.2459,0.2459,0.2459,0.2459,158
811,2022-08-28 06:31:00,0.2461,0.2461,0.2461,0.2461,0
812,2022-08-28 06:30:00,0.2461,0.2472,0.2453,0.2461,58482
813,2022-08-28 06:29:00,0.246,0.2461,0.2459,0.246,24060
814,2022-08-28 06:28:00,0.2459,0.2459,0.2459,0.2459,0
815,2022-08-28 06:27:00,0.2459,0.2474,0.2449,0.2459,67883
816,2022-08-28 06:26:00,0.246,0.2461,0.246,0.246,1430
817,2022-08-28 06:25:00,0.2458,0.2458,0.2458,0.2458,1089
818,2022-08-28 06:24:00,0.2458,0.2458,0.2457,0.2458,5189
819,2022-08-28 06:23:00,0.2457,0.2459,0.2457,0.2459,5079
820,2022-08-28 06:22:00,0.2453,0.2459,0.2451,0.2458,9611
821,2022-08-28 06:21:00,0.245,0.245,0.245,0.245,0
822,2022-08-28 06:20:00,0.245,0.245,0.245,0.245,0
823,2022-08-28 06:19:00,0.245,0.245,0.245,0.245,24655
824,2022-08-28 06:18:00,0.2442,0.2455,0.2442,0.245,35749
825,2022-08-28 06:17:00,0.2442,0.2442,0.2442,0.2442,0
826,2022-08-28 06:16:00,0.2442,0.2442,0.2442,0.2442,0
827,2022-08-28 06:15:00,0.2443,0.2444,0.2442,0.2442,5426
828,2022-08-28 06:14:00,0.2443,0.2443,0.2443,0.2443,0
829,2022-08-28 06:13:00,0.2443,0.2443,0.2443,0.2443,46
830,2022-08-28 06:12:00,0.2443,0.2443,0.2443,0.2443,79
831,2022-08-28 06:11:00,0.2443,0.2443,0.2442,0.2442,4438
832,2022-08-28 06:10:00,0.2442,0.2443,0.2442,0.2443,2194
833,2022-08-28 06:09:00,0.2441,0.2441,0.2441,0.2441,228
834,2022-08-28 06:08:00,0.2442,0.2442,0.2442,0.2442,4337
835,2022-08-28 06:07:00,0.2442,0.2443,0.2441,0.2443,5411
836,2022-08-28 06:06:00,0.2441,0.2445,0.2441,0.2442,6043
837,2022-08-28 06:05:00,0.2443,0.2449,0.2441,0.2444,21201
838,2022-08-28 06:04:00,0.2437,0.2443,0.2437,0.2441,19068
839,2022-08-28 06:03:00,0.2433,0.2438,0.2426,0.2438,10887
840,2022-08-28 06:02:00,0.2436,0.2436,0.2436,0.2436,0
841,2022-08-28 06:01:00,0.2436,0.2436,0.2436,0.2436,0
842,2022-08-28 06:00:00,0.2436,0.2436,0.2436,0.2436,0
843,2022-08-28 05:59:00,0.2436,0.2436,0.2436,0.2436,80
844,2022-08-28 05:58:00,0.2434,0.2438,0.2434,0.2438,4962
845,2022-08-28 05:57:00,0.2433,0.2433,0.2433,0.2433,0
846,2022-08-28 05:56:00,0.2434,0.2434,0.2433,0.2433,1163
847,2022-08-28 05:55:00,0.2437,0.2437,0.2436,0.2436,1751
848,2022-08-28 05:54:00,0.2438,0.2439,0.2438,0.2439,8054
849,2022-08-28 05:53:00,0.2438,0.2438,0.2438,0.2438,0
850,2022-08-28 05:52:00,0.2436,0.2438,0.2436,0.2438,1377
851,2022-08-28 05:51:00,0.2435,0.2435,0.2432,0.2432,1914
852,2022-08-28 05:50:00,0.2436,0.2436,0.2436,0.2436,1100
853,2022-08-28 05:49:00,0.2436,0.2436,0.2433,0.2436,5236
854,2022-08-28 05:48:00,0.2439,0.2439,0.2439,0.2439,1753
855,2022-08-28 05:47:00,0.2438,0.2438,0.2438,0.2438,0
856,2022-08-28 05:46:00,0.2438,0.2438,0.2438,0.2438,0
857,2022-08-28 05:45:00,0.2435,0.2439,0.2435,0.2438,2356
858,2022-08-28 05:44:00,0.2433,0.2433,0.2433,0.2433,0
859,2022-08-28 05:43:00,0.2433,0.2433,0.2433,0.2433,1017
860,2022-08-28 05:42:00,0.2433,0.2433,0.2433,0.2433,0
861,2022-08-28 05:41:00,0.2433,0.2433,0.2433,0.2433,83
862,2022-08-28 05:40:00,0.2436,0.2436,0.2435,0.2435,134
863,2022-08-28 05:39:00,0.2436,0.2436,0.2436,0.2436,0
864,2022-08-28 05:38:00,0.2436,0.2436,0.2436,0.2436,82
865,2022-08-28 05:37:00,0.2437,0.2437,0.2437,0.2437,0
866,2022-08-28 05:36:00,0.2431,0.2437,0.2431,0.2437,6155
867,2022-08-28 05:35:00,0.2433,0.2433,0.2433,0.2433,0
868,2022-08-28 05:34:00,0.2439,0.244,0.2433,0.2433,24585
869,2022-08-28 05:33:00,0.2432,0.2438,0.2427,0.2438,34223
870,2022-08-28 05:32:00,0.2423,0.2431,0.2423,0.2431,7820
871,2022-08-28 05:31:00,0.2426,0.2426,0.2426,0.2426,0
872,2022-08-28 05:30:00,0.2423,0.2426,0.2423,0.2426,536
873,2022-08-28 05:29:00,0.2426,0.2426,0.2426,0.2426,164
874,2022-08-28 05:28:00,0.2423,0.2423,0.2423,0.2423,640
875,2022-08-28 05:27:00,0.2426,0.2426,0.2426,0.2426,0
876,2022-08-28 05:26:00,0.2426,0.2426,0.2426,0.2426,0
877,2022-08-28 05:25:00,0.2426,0.2426,0.2426,0.2426,0
878,2022-08-28 05:24:00,0.2426,0.2426,0.2426,0.2426,0
879,2022-08-28 05:23:00,0.2426,0.2426,0.2426,0.2426,164
880,2022-08-28 05:22:00,0.2426,0.2426,0.2423,0.2426,1950
881,2022-08-28 05:21:00,0.2428,0.2428,0.2428,0.2428,975
882,2022-08-28 05:20:00,0.2428,0.2428,0.2428,0.2428,123
883,2022-08-28 05:19:00,0.2427,0.2427,0.2427,0.2427,50
884,2022-08-28 05:18:00,0.2428,0.2428,0.2428,0.2428,0
885,2022-08-28 05:17:00,0.2428,0.2428,0.2428,0.2428,0
886,2022-08-28 05:16:00,0.2428,0.2428,0.2428,0.2428,0
887,2022-08-28 05:15:00,0.2428,0.2428,0.2428,0.2428,923
888,2022-08-28 05:14:00,0.2428,0.2428,0.2428,0.2428,0
889,2022-08-28 05:13:00,0.2428,0.2428,0.2428,0.2428,100
890,2022-08-28 05:12:00,0.2431,0.2431,0.2431,0.2431,0
891,2022-08-28 05:11:00,0.2431,0.2431,0.2431,0.2431,0
892,2022-08-28 05:10:00,0.2431,0.2431,0.2431,0.2431,0
893,2022-08-28 05:09:00,0.2431,0.2431,0.2431,0.2431,0
894,2022-08-28 05:08:00,0.2431,0.2431,0.2431,0.2431,0
895,2022-08-28 05:07:00,0.2431,0.2431,0.2431,0.2431,430
896,2022-08-28 05:06:00,0.2431,0.2431,0.243,0.243,8543
897,2022-08-28 05:05:00,0.2432,0.2432,0.2432,0.2432,0
898,2022-08-28 05:04:00,0.2432,0.2432,0.2432,0.2432,0
899,2022-08-28 05:03:00,0.2433,0.2433,0.2432,0.2432,954
900,2022-08-28 05:02:00,0.2432,0.2432,0.243,0.243,1103
901,2022-08-28 05:01:00,0.2432,0.2432,0.2431,0.2431,1053
902,2022-08-28 05:00:00,0.2433,0.2433,0.2432,0.2432,2566
903,2022-08-28 04:59:00,0.2429,0.2431,0.2429,0.243,2084
904,2022-08-28 04:58:00,0.2429,0.2429,0.2429,0.2429,242
905,2022-08-28 04:57:00,0.2429,0.243,0.2429,0.243,252
906,2022-08-28 04:56:00,0.2416,0.2449,0.2416,0.2429,55051
907,2022-08-28 04:55:00,0.2414,0.2414,0.2414,0.2414,0
908,2022-08-28 04:54:00,0.2414,0.2414,0.2414,0.2414,938
909,2022-08-28 04:53:00,0.2411,0.2411,0.2411,0.2411,0
910,2022-08-28 04:52:00,0.2411,0.2411,0.2411,0.2411,0
911,2022-08-28 04:51:00,0.2411,0.2411,0.2411,0.2411,700
912,2022-08-28 04:50:00,0.2411,0.2411,0.2411,0.2411,1597
913,2022-08-28 04:49:00,0.2414,0.2414,0.2411,0.2411,379
914,2022-08-28 04:48:00,0.2412,0.2412,0.2412,0.2412,0
915,2022-08-28 04:47:00,0.2412,0.2412,0.2412,0.2412,0
916,2022-08-28 04:46:00,0.2412,0.2412,0.2412,0.2412,0
917,2022-08-28 04:45:00,0.2412,0.2412,0.2412,0.2412,61
918,2022-08-28 04:44:00,0.2412,0.2412,0.2412,0.2412,330
919,2022-08-28 04:43:00,0.2412,0.2412,0.2412,0.2412,0
920,2022-08-28 04:42:00,0.2414,0.2414,0.2412,0.2412,1578
921,2022-08-28 04:41:00,0.2414,0.2414,0.2414,0.2414,0
922,2022-08-28 04:40:00,0.2414,0.2414,0.2414,0.2414,0
923,2022-08-28 04:39:00,0.2414,0.2414,0.2414,0.2414,0
924,2022-08-28 04:38:00,0.2417,0.2418,0.2414,0.2414,721
925,2022-08-28 04:37:00,0.2418,0.2418,0.2414,0.2414,1997
926,2022-08-28 04:36:00,0.2421,0.2421,0.2421,0.2421,55
927,2022-08-28 04:35:00,0.2421,0.2421,0.2421,0.2421,0
928,2022-08-28 04:34:00,0.2421,0.2421,0.2421,0.2421,171
929,2022-08-28 04:33:00,0.2414,0.2414,0.2414,0.2414,0
930,2022-08-28 04:32:00,0.2414,0.2414,0.2414,0.2414,0
931,2022-08-28 04:31:00,0.2414,0.2414,0.2414,0.2414,0
932,2022-08-28 04:30:00,0.2414,0.2414,0.2414,0.2414,0
933,2022-08-28 04:29:00,0.2414,0.2414,0.2414,0.2414,0
934,2022-08-28 04:28:00,0.2414,0.2414,0.2414,0.2414,0
935,2022-08-28 04:27:00,0.2414,0.2414,0.2414,0.2414,0
936,2022-08-28 04:26:00,0.2414,0.2414,0.2414,0.2414,0
937,2022-08-28 04:25:00,0.2414,0.2414,0.2414,0.2414,0
938,2022-08-28 04:24:00,0.2417,0.2417,0.2414,0.2414,6339
939,2022-08-28 04:23:00,0.2417,0.2417,0.2417,0.2417,0
940,2022-08-28 04:22:00,0.2423,0.2423,0.2416,0.2417,5299
941,2022-08-28 04:21:00,0.2428,0.2428,0.2428,0.2428,221
942,2022-08-28 04:20:00,0.2425,0.2428,0.2425,0.2428,4649
943,2022-08-28 04:19:00,0.2425,0.2425,0.2425,0.2425,0
944,2022-08-28 04:18:00,0.2425,0.2425,0.2425,0.2425,0
945,2022-08-28 04:17:00,0.2425,0.2425,0.2425,0.2425,1100
946,2022-08-28 04:16:00,0.2426,0.2426,0.2426,0.2426,0
947,2022-08-28 04:15:00,0.2426,0.2426,0.2426,0.2426,1164
948,2022-08-28 04:14:00,0.2426,0.2426,0.2426,0.2426,0
949,2022-08-28 04:13:00,0.2426,0.2426,0.2426,0.2426,560
950,2022-08-28 04:12:00,0.2421,0.2421,0.2421,0.2421,0
951,2022-08-28 04:11:00,0.2421,0.2421,0.2421,0.2421,0
952,2022-08-28 04:10:00,0.2421,0.2421,0.2421,0.2421,1100
953,2022-08-28 04:09:00,0.2422,0.2422,0.2422,0.2422,0
954,2022-08-28 04:08:00,0.2422,0.2422,0.2422,0.2422,0
955,2022-08-28 04:07:00,0.2422,0.2422,0.2422,0.2422,0
956,2022-08-28 04:06:00,0.2422,0.2422,0.2422,0.2422,0
957,2022-08-28 04:05:00,0.2422,0.2422,0.2422,0.2422,0
958,2022-08-28 04:04:00,0.2422,0.2422,0.2422,0.2422,188
959,2022-08-28 04:03:00,0.2427,0.2427,0.2427,0.2427,54
960,2022-08-28 04:02:00,0.242,0.2425,0.242,0.2425,683
961,2022-08-28 04:01:00,0.242,0.242,0.242,0.242,79
962,2022-08-28 04:00:00,0.2416,0.242,0.2415,0.2415,1170
963,2022-08-28 03:59:00,0.2422,0.2422,0.2416,0.2416,3936
964,2022-08-28 03:58:00,0.2423,0.2423,0.2423,0.2423,707
965,2022-08-28 03:57:00,0.2424,0.2424,0.2424,0.2424,0
966,2022-08-28 03:56:00,0.2424,0.2424,0.2424,0.2424,708
967,2022-08-28 03:55:00,0.2432,0.2432,0.2424,0.2424,2303
968,2022-08-28 03:54:00,0.2433,0.2435,0.2432,0.2432,2465
969,2022-08-28 03:53:00,0.243,0.243,0.243,0.243,61
970,2022-08-28 03:52:00,0.243,0.243,0.243,0.243,0
971,2022-08-28 03:51:00,0.243,0.243,0.243,0.243,0
972,2022-08-28 03:50:00,0.243,0.243,0.243,0.243,1324
973,2022-08-28 03:49:00,0.2426,0.2426,0.2426,0.2426,0
974,2022-08-28 03:48:00,0.2426,0.2426,0.2426,0.2426,50
975,2022-08-28 03:47:00,0.2423,0.2423,0.2423,0.2423,1100
976,2022-08-28 03:46:00,0.2426,0.2426,0.2426,0.2426,110
977,2022-08-28 03:45:00,0.2425,0.2425,0.2425,0.2425,85
978,2022-08-28 03:44:00,0.2425,0.2426,0.2425,0.2426,276
979,2022-08-28 03:43:00,0.2423,0.2423,0.2423,0.2423,0
980,2022-08-28 03:42:00,0.2423,0.2423,0.2423,0.2423,1003
981,2022-08-28 03:41:00,0.2426,0.2426,0.2426,0.2426,106
982,2022-08-28 03:40:00,0.2427,0.2427,0.2427,0.2427,0
983,2022-08-28 03:39:00,0.2426,0.2427,0.2426,0.2427,706
984,2022-08-28 03:38:00,0.2424,0.243,0.2424,0.2427,4146
985,2022-08-28 03:37:00,0.2424,0.2424,0.2424,0.2424,0
986,2022-08-28 03:36:00,0.2424,0.2424,0.2424,0.2424,0
987,2022-08-28 03:35:00,0.2424,0.2424,0.2424,0.2424,0
988,2022-08-28 03:34:00,0.2429,0.2429,0.2424,0.2424,2145
989,2022-08-28 03:33:00,0.2423,0.2423,0.2423,0.2423,0
990,2022-08-28 03:32:00,0.2423,0.2423,0.2423,0.2423,0
991,2022-08-28 03:31:00,0.2423,0.2423,0.2423,0.2423,0
992,2022-08-28 03:30:00,0.2423,0.2423,0.2423,0.2423,1015
993,2022-08-28 03:29:00,0.2421,0.2421,0.2421,0.2421,0
994,2022-08-28 03:28:00,0.2421,0.2421,0.2421,0.2421,219
995,2022-08-28 03:27:00,0.2422,0.2422,0.2422,0.2422,0
996,2022-08-28 03:26:00,0.2422,0.2422,0.2422,0.2422,0
997,2022-08-28 03:25:00,0.2418,0.2422,0.2418,0.2422,4626
998,2022-08-28 03:24:00,0.2418,0.2418,0.2418,0.2418,0
999,2022-08-28 03:23:00,0.2418,0.2418,0.2418,0.2418,0
